x,y
0.0,0.09934283060224654
0.01001001001001001,-0.01764301739105775
0.02002002002002002,0.14955639032561197
0.03003003003003003,0.3346314879881012
0.04004004004004004,-0.006801332777820551
0.050050050050050046,0.003201765318742514
0.06006006006006006,0.3758665214571159
0.07007007007007007,0.22349969146484033
0.08008008008008008,-0.013900359513677615
0.09009009009009009,0.19848028302178788
0.10010010010010009,0.007249477600546797
0.11011011011011011,0.01674179407280388
0.12012012012012012,0.16822391703078013
0.13013013013013014,-0.2528928753315703
0.14014014014014015,-0.20530168422060774
0.15015015015015015,0.03712908906611666
0.16016016016016016,-0.04308990501685256
0.17017017017017017,0.2321995302631618
0.18018018018018017,-0.0023979754516298413
0.19019019019019018,-0.09341508113517025
0.20020020020020018,0.4919952901218094
0.21021021021021022,0.16351022722570693
0.22022022022022023,0.23195017107618593
0.23023023023023023,-0.05674795231327737
0.24024024024024024,0.12905942912873847
0.2502502502502503,0.2698309400231094
0.2602602602602603,0.027133340605350054
0.2702702702702703,0.34213150923359914
0.2802802802802803,0.15649726460960048
0.2902902902902903,0.2278916319866892
0.3003003003003003,0.17546575872067458
0.3103103103103103,0.675809777578651
0.3203203203203203,0.31217115891844316
0.3303303303303303,0.11281333139836511
0.34034034034034033,0.49831691268481865
0.35035035035035034,0.09905816596901118
0.36036036036036034,0.394384189512289
0.37037037037037035,-0.02997331119674468
0.38038038038038036,0.10563647859800551
0.39039039039039036,0.4199217089255257
0.40040040040040037,0.5374804202728029
0.41041041041041043,0.4332593465749182
0.42042042042042044,0.38501464177027234
0.43043043043043044,0.3570412712012508
0.44044044044044045,0.13063351488714298
0.45045045045045046,0.291402255092961
0.46046046046046046,0.35223290244080013
0.47047047047047047,0.6647301370378992
0.4804804804804805,0.5309289638819439
0.4904904904904905,0.11845057634605011
0.5005005005005005,0.5446815029280532
0.5105105105105106,0.4116062724098194
0.5205205205205206,0.36194738814051897
0.5305305305305306,0.6283262733000394
0.5405405405405406,0.7207994473328037
0.5505505505505506,0.709412531360374
0.5605605605605606,0.36381754759462615
0.5705705705705706,0.478269849618611
0.5805805805805806,0.6147621646539698
0.5905905905905906,0.7519606970265492
0.6006006006006006,0.46930322102296895
0.6106106106106106,0.5362360437178078
0.6206206206206206,0.3602731635579178
0.6306306306306306,0.35041288283953764
0.6406406406406406,0.7602143383956674
0.6506506506506506,0.8769522557534566
0.6606606606606606,0.5992366106046574
0.6706706706706707,0.8222181131184193
0.6806806806806807,0.7016493620464698
0.6906906906906907,0.5080457718701992
0.7007007007007007,0.7170325756026068
0.7107107107107107,0.95997989555344
0.7207207207207207,0.6527611348146843
0.7307307307307307,0.9803427099102721
0.7407407407407407,0.1508857195175627
0.7507507507507507,0.8465683847195105
0.7607607607607607,0.7068820861409308
0.7707707707707707,0.6368869062569149
0.7807807807807807,0.7221864277122846
0.7907907907907907,0.3133958617234528
0.8008008008008007,0.6739794065494236
0.8108108108108109,0.7962685033163983
0.8208208208208209,1.0272843736800905
0.8308308308308309,0.6348377802896028
0.8408408408408409,0.5835053660935129
0.8508508508508509,0.6514902716332086
0.8608608608608609,0.9414843634353166
0.8708708708708709,0.8306404297035576
0.8808808808808809,0.665347793306302
0.8908908908908909,0.8802856631407238
0.9009009009009009,0.8033021105189383
0.9109109109109109,0.983791477870177
0.9209209209209209,0.6557485762656133
0.9309309309309309,0.7366437062746295
0.9409409409409409,0.7296910679022486
0.950950950950951,0.521265299377729
0.960960960960961,0.8789663757064904
0.970970970970971,0.8776452682780868
0.980980980980981,0.8320660906535648
0.990990990990991,0.7896518880300597
1.001001001001001,0.5589372578783176
1.011011011011011,0.7632400642272771
1.021021021021021,0.7840990420346594
1.031031031031031,0.6973738737896789
1.0410410410410411,0.8306736135561907
1.0510510510510511,0.9487558903087155
1.0610610610610611,1.2501108945487456
1.0710710710710711,0.9126298107557627
1.0810810810810811,0.9339769137197281
1.0910910910910911,0.8722418171040395
1.1011011011011012,0.5079520318290798
1.1111111111111112,0.8908894259401129
1.1211211211211212,0.912634371181289
1.1311311311311312,1.3975426413856433
1.1411411411411412,0.8706372457124006
1.1511511511511512,0.9735430346371616
1.1611611611611612,0.9103238342176155
1.1711711711711712,0.6874712930428334
1.1811811811811812,1.1536198714403998
1.1911911911911912,1.079197632999572
1.2012012012012012,1.0906800674288917
1.2112112112112112,0.7541654052569212
1.2212212212212212,1.2200771856024482
1.2312312312312312,0.6625293988239622
1.2412412412412412,1.0635578400742525
1.2512512512512513,1.3874695490359716
1.2612612612612613,0.754368034198668
1.2712712712712713,0.8422171911408846
1.2812812812812813,0.978312709658942
1.2912912912912913,0.8604969759919506
1.3013013013013013,0.6537727798420979
1.3113113113113113,0.9802348374458805
1.3213213213213213,0.7565814311584261
1.3313313313313313,1.0661834939435002
1.3413413413413413,0.7899056546097062
1.3513513513513513,1.286005302813948
1.3613613613613613,0.8214978871747114
1.3713713713713713,0.9157683562726228
1.3813813813813813,1.1448180032830506
1.3913913913913913,0.7377771894654719
1.4014014014014013,1.0311789413486137
1.4114114114114114,1.248753641655561
1.4214214214214214,0.6673676508134937
1.4314314314314314,1.0272311926865316
1.4414414414414414,1.0436218751121773
1.4514514514514514,1.1492514235714784
1.4614614614614614,0.7466387532640892
1.4714714714714714,0.7309800178842862
1.4814814814814814,1.1004023930712674
1.4914914914914914,1.0562539539645948
1.5015015015015014,1.047698644218453
1.5115115115115114,1.0675328118875482
1.5215215215215214,0.8627812980810269
1.5315315315315314,1.0456799763916305
1.5415415415415414,1.0581866039481858
1.5515515515515514,0.856944541422887
1.5615615615615615,1.3731122620875276
1.5715715715715715,1.0947662836801406
1.5815815815815815,0.7616811402628422
1.5915915915915915,1.131094507999629
1.6016016016016015,0.8045892209976611
1.6116116116116117,1.1565840926372797
1.6216216216216217,1.230427788521136
1.6316316316316317,0.834013639806752
1.6416416416416417,1.1901667459783085
1.6516516516516517,1.0792891740537032
1.6616616616616617,1.1602866170913164
1.6716716716716717,1.3742749919498558
1.6816816816816818,0.9447808924558649
1.6916916916916918,0.8419538189320229
1.7017017017017018,0.813541233912465
1.7117117117117118,0.8269257887094066
1.7217217217217218,0.9732120234134145
1.7317317317317318,1.0553082194204784
1.7417417417417418,1.0407625388153987
1.7517517517517518,1.1491088442545299
1.7617617617617618,0.9844218248944683
1.7717717717717718,1.270579136039494
1.7817817817817818,0.9248936453685361
1.7917917917917918,1.5197135592003237
1.8018018018018018,1.0985701467163698
1.8118118118118118,0.7996645793280553
1.8218218218218218,0.754479701139525
1.8318318318318318,1.0626177349085686
1.8418418418418419,0.9187989408712138
1.8518518518518519,1.103563301499855
1.8618618618618619,1.0525861643835193
1.8718718718718719,0.9404523087868502
1.8818818818818819,0.7826431072533573
1.8918918918918919,0.6459207754037537
1.901901901901902,0.8563805211101956
1.911911911911912,1.1136618045902562
1.921921921921922,0.9818049025779554
1.931931931931932,0.686348420126816
1.941941941941942,0.9665486469416067
1.951951951951952,1.0052988464903834
1.961961961961962,0.7476937833912928
1.971971971971972,0.9513475609831757
1.981981981981982,0.9282893087650267
1.991991991991992,0.6840066831970101
2.002002002002002,0.9800199504150765
2.012012012012012,1.0163900917482045
2.022022022022022,1.1165235395583806
2.032032032032032,1.106263634949921
2.042042042042042,0.6154695556282712
2.052052052052052,0.698849347847626
2.062062062062062,0.9847435176402485
2.0720720720720722,0.9797274132279619
2.0820820820820822,0.9751256472076784
2.0920920920920922,1.6377209094118363
2.1021021021021022,0.9763243243229397
2.1121121121121122,1.084144574534722
2.1221221221221223,1.0426311494202012
2.1321321321321323,0.97682304421666
2.1421421421421423,0.7781201189269947
2.1521521521521523,0.9875127006727995
2.1621621621621623,0.6756149638044575
2.1721721721721723,0.7771942519103254
2.1821821821821823,0.7217806099721286
2.1921921921921923,0.829441445031346
2.2022022022022023,1.2701301592659013
2.2122122122122123,0.4277963553385632
2.2222222222222223,0.9324720950979519
2.2322322322322323,0.46656786532799555
2.2422422422422423,0.6885365804479292
2.2522522522522523,0.9944465385790874
2.2622622622622623,0.7831680680278014
2.2722722722722724,0.5483415687902051
2.2822822822822824,0.6143317012705405
2.2922922922922924,0.8867380213393046
2.3023023023023024,0.5980959420305705
2.3123123123123124,0.7807372177504069
2.3223223223223224,0.7397622076311767
2.3323323323323324,0.5934568994239455
2.3423423423423424,1.1456223940407217
2.3523523523523524,0.8366021615298912
2.3623623623623624,0.2977034972066773
2.3723723723723724,0.7328661215929928
2.3823823823823824,0.5559915135184399
2.3923923923923924,0.851540049083106
2.4024024024024024,0.5151855689054055
2.4124124124124124,0.6433112594183287
2.4224224224224224,0.7597580758783775
2.4324324324324325,0.8243477238260305
2.4424424424424425,0.4035082189319532
2.4524524524524525,0.5689735834076138
2.4624624624624625,0.5331273843594846
2.4724724724724725,0.4896302791616985
2.4824824824824825,0.9655044994782798
2.4924924924924925,0.6854661558404187
2.5025025025025025,0.3442886174562182
2.5125125125125125,0.7719736268951356
2.5225225225225225,1.0047093485592073
2.5325325325325325,0.7785898893840595
2.5425425425425425,0.2599842484038814
2.5525525525525525,0.4587163330488613
2.5625625625625625,0.8005946163574047
2.5725725725725725,0.39727290190661757
2.5825825825825826,0.6191111010179982
2.5925925925925926,0.6767613059264265
2.6026026026026026,0.32788339324017135
2.6126126126126126,0.4927479793312555
2.6226226226226226,-0.15226742044740477
2.6326326326326326,0.2823918187863632
2.6426426426426426,0.4279901921341347
2.6526526526526526,0.22013371555294456
2.6626626626626626,0.7873120795440061
2.6726726726726726,0.1658948350766073
2.6826826826826826,0.3549622227870566
2.6926926926926926,0.4601228595727074
2.7027027027027026,0.7131895418811159
2.7127127127127126,0.1286800155369056
2.7227227227227226,0.6393610897166296
2.7327327327327327,0.3996100910409197
2.7427427427427427,0.19205705253139937
2.7527527527527527,0.4715358681558661
2.7627627627627627,0.4096455158430722
2.7727727727727727,0.2404715475957285
2.7827827827827827,0.3651205629226471
2.7927927927927927,0.2647074633911428
2.8028028028028027,0.35504944346356476
2.8128128128128127,0.45531460007893626
2.8228228228228227,0.6306019659141546
2.8328328328328327,0.05631423805814939
2.8428428428428427,0.7209322995469185
2.8528528528528527,-0.10567313976643733
2.8628628628628627,0.2447776654151469
2.8728728728728727,0.3831608216555472
2.8828828828828827,0.31203184714687354
2.8928928928928928,0.12160402850012494
2.9029029029029028,0.19480527776713247
2.9129129129129128,0.1280916461492259
2.9229229229229228,0.09905827253444881
2.932932932932933,0.37706929777749165
2.942942942942943,0.26874887380976686
2.952952952952953,0.04894098186711124
2.962962962962963,0.35760121061426803
2.972972972972973,0.2292816707468011
2.982982982982983,0.32051790573212013
2.992992992992993,0.2739791396893084
3.003003003003003,-0.027652576407978552
3.013013013013013,0.01618943001111313
3.023023023023023,0.26775072320906174
3.033033033033033,0.23042056660982235
3.043043043043043,0.09420984980646797
3.053053053053053,0.11188944169509242
3.063063063063063,0.33398188059118233
3.073073073073073,-0.049848300471360976
3.083083083083083,0.1678956691379116
3.093093093093093,0.008042018742054319
3.103103103103103,-0.005056192816715786
3.113113113113113,0.2482310611459048
3.123123123123123,0.18355175021686893
3.133133133133133,0.17116134675835296
3.143143143143143,0.25954527249875015
3.153153153153153,-0.00735947373774522
3.163163163163163,0.11482175739256978
3.173173173173173,-0.0936286218013529
3.183183183183183,0.023254730223957472
3.193193193193193,-0.07760625479089911
3.203203203203203,-0.0421723865101889
3.2132132132132134,0.04747205942652709
3.2232232232232234,-0.24518407825161287
3.2332332332332334,0.3269650878465322
3.2432432432432434,-0.30267909978601465
3.2532532532532534,-0.3542664344360803
3.2632632632632634,0.1102515395261942
3.2732732732732734,0.027032141596039116
3.2832832832832834,-0.01639303957945934
3.2932932932932935,-0.02545035706240778
3.3033033033033035,-0.16345612732127787
3.3133133133133135,-0.3503288280934061
3.3233233233233235,-0.16557110132250594
3.3333333333333335,-0.3260003051779078
3.3433433433433435,-0.005360871298485448
3.3533533533533535,-0.23959307093771262
3.3633633633633635,-0.3850567505679682
3.3733733733733735,-0.2939881565076193
3.3833833833833835,-0.15685535737162257
3.3933933933933935,-0.3618932269125227
3.4034034034034035,-0.4232740990623071
3.4134134134134135,-0.21974834661873577
3.4234234234234235,-0.22912134153140293
3.4334334334334335,-0.38910429072404124
3.4434434434434436,-0.39149548771574527
3.4534534534534536,-0.26042022198202147
3.4634634634634636,-0.6059587163920386
3.4734734734734736,-0.6073145443233763
3.4834834834834836,-0.4789579278854701
3.4934934934934936,-0.38737221438188524
3.5035035035035036,-0.2918804342943306
3.5135135135135136,-0.0683343905811793
3.5235235235235236,-0.20118098283820435
3.5335335335335336,-0.41397054134535816
3.5435435435435436,-0.3950177303320193
3.5535535535535536,-0.6009128155958765
3.5635635635635636,-0.4132619032226974
3.5735735735735736,-0.4764022995443292
3.5835835835835836,-0.3631962048619966
3.5935935935935936,-0.6022125914991006
3.6036036036036037,-0.34187982204008893
3.6136136136136137,-0.14813940056422414
3.6236236236236237,-0.48533171172061035
3.6336336336336337,-0.39208338603841497
3.6436436436436437,-0.3431956437401018
3.6536536536536537,-0.5702190296525831
3.6636636636636637,-0.45385783688066905
3.6736736736736737,-0.5048092839525651
3.6836836836836837,-0.4963931412954312
3.6936936936936937,-0.6790792189274695
3.7037037037037037,-0.5280715761153605
3.7137137137137137,-0.44181689785883166
3.7237237237237237,-0.25957653004111014
3.7337337337337337,-0.36628469168390887
3.7437437437437437,-0.1357800454853232
3.7537537537537538,-0.7281069750186756
3.7637637637637638,-0.4083366821847866
3.7737737737737738,-0.5542373591405332
3.7837837837837838,-0.1609909159636555
3.793793793793794,-0.7685968873778464
3.803803803803804,-0.7828065116576037
3.813813813813814,-0.7426039763678679
3.823823823823824,-1.0553054994427724
3.833833833833834,-0.7434150878161153
3.843843843843844,-0.7977643909709731
3.853853853853854,-0.6234681539182226
3.863863863863864,-0.5927392835612383
3.873873873873874,-0.2933336374652556
3.883883883883884,-0.4858933741274275
3.893893893893894,-0.7987014767060261
3.903903903903904,-0.8702778152798641
3.913913913913914,-0.5994159849088077
3.923923923923924,-0.9689814796464791
3.933933933933934,-0.3457074700109663
3.943943943943944,-0.48310424203672836
3.953953953953954,-0.8197483969615794
3.963963963963964,-1.0753884365984459
3.973973973973974,-0.46876189787439493
3.983983983983984,-0.7691450825372554
3.993993993993994,-0.5052998193127082
4.004004004004004,-1.0782991452098951
4.014014014014014,-0.8857630569485814
4.024024024024024,-0.7712370097488731
4.034034034034034,-0.7692099456562801
4.044044044044044,-0.8748614575116865
4.054054054054054,-0.6664420341678452
4.064064064064064,-1.0106205049551005
4.074074074074074,-0.8315768458903455
4.084084084084084,-0.7849658820668143
4.094094094094094,-0.7119802372485661
4.104104104104104,-0.6783063747566435
4.114114114114114,-1.0512368884352739
4.124124124124124,-1.1387276282425278
4.134134134134134,-0.5818823973291638
4.1441441441441444,-0.7763840181157696
4.1541541541541545,-0.9978887338264006
4.1641641641641645,-0.5432206490879117
4.1741741741741745,-0.8354902196742243
4.1841841841841845,-0.6278537782811845
4.1941941941941945,-0.8552110437721142
4.2042042042042045,-0.46147963528683855
4.2142142142142145,-0.5273879948043274
4.2242242242242245,-0.9329879151820445
4.2342342342342345,-0.693531321814687
4.2442442442442445,-0.7633317869636804
4.2542542542542545,-0.6231527115488811
4.2642642642642645,-1.0942458945488736
4.2742742742742745,-0.7683427839215036
4.2842842842842845,-0.6980693161070278
4.2942942942942945,-1.2656120914330073
4.3043043043043046,-1.1545343086508044
4.314314314314315,-1.329655482294036
4.324324324324325,-0.9795244894831505
4.334334334334335,-0.7858759983427819
4.344344344344345,-0.6325612421670666
4.354354354354355,-0.9217684102151849
4.364364364364365,-0.6143251253459113
4.374374374374375,-1.2194352019352064
4.384384384384385,-1.2873635443272327
4.394394394394395,-0.9609738848641237
4.404404404404405,-0.8761333680275447
4.414414414414415,-0.9624720354407961
4.424424424424425,-1.3723123498539647
4.434434434434435,-0.9794427081289784
4.444444444444445,-1.225211017029749
4.454454454454455,-0.832984399807148
4.464464464464465,-0.8961041682419555
4.474474474474475,-1.1598075468683307
4.484484484484485,-1.0769153682076202
4.494494494494495,-1.1881974757510276
4.504504504504505,-0.9910055472363272
4.514514514514515,-0.7894581779479027
4.524524524524525,-1.1795505213459907
4.534534534534535,-0.8834162425206105
4.544544544544545,-1.0919986839721056
4.554554554554555,-1.1461445500467984
4.564564564564565,-1.0104999248992028
4.574574574574575,-1.1975670800324894
4.584584584584585,-1.1025739898242835
4.594594594594595,-1.232645838229046
4.604604604604605,-0.6012518589769601
4.614614614614615,-0.9881711830200806
4.624624624624625,-1.1360962819667217
4.634634634634635,-0.9541826713610737
4.644644644644645,-1.0201718398593675
4.654654654654655,-1.042527756611933
4.664664664664665,-0.8760280709656304
4.674674674674675,-0.8477873578561632
4.684684684684685,-1.1057164900671623
4.694694694694695,-1.1150071083401847
4.704704704704705,-1.0549808155292437
4.714714714714715,-1.460381528428249
4.724724724724725,-1.302962128110323
4.734734734734735,-0.7263754905310686
4.744744744744745,-0.6704830552207448
4.754754754754755,-1.0489099127141845
4.764764764764765,-0.8833173095184322
4.774774774774775,-0.935804606487138
4.784784784784785,-0.38160440643161864
4.794794794794795,-0.7726915795645128
4.804804804804805,-1.0213162144332981
4.814814814814815,-1.1858671466607769
4.824824824824825,-1.3149750106715483
4.834834834834835,-0.9518201407470057
4.844844844844845,-1.1425106890206185
4.854854854854855,-1.2743196321560701
4.864864864864865,-1.1177126330258549
4.874874874874875,-1.2031377858858638
4.884884884884885,-0.647731107479162
4.894894894894895,-0.8070640199874518
4.904904904904905,-0.9831205011761657
4.914914914914915,-0.6835727982942159
4.924924924924925,-0.9620254661524551
4.934934934934935,-1.1475955246690008
4.944944944944945,-0.668455697257655
4.954954954954955,-0.862942830137355
4.964964964964965,-1.1757211297939956
4.974974974974975,-1.0037896742748273
4.984984984984985,-1.1381988642440946
4.994994994994995,-1.2368919350491183
5.005005005005005,-0.7722570298887463
5.015015015015015,-0.5726738216009007
5.025025025025025,-1.2312396286441099
5.035035035035035,-0.8358058883211881
5.045045045045045,-1.0753068421177752
5.055055055055055,-1.0392872913188338
5.065065065065065,-1.0569305115973477
5.075075075075075,-1.1077453605094614
5.085085085085085,-0.9216446795997442
5.095095095095095,-1.0938475064152646
5.105105105105105,-0.8697816451391034
5.115115115115115,-0.9300435877667281
5.125125125125125,-0.9638163477295991
5.135135135135135,-1.0934784578561092
5.145145145145145,-1.0231676001763002
5.155155155155155,-0.7524917351030879
5.165165165165165,-0.7990526517215046
5.175175175175175,-1.0903231442103252
5.185185185185185,-0.870431980476922
5.195195195195195,-0.7354181557741591
5.205205205205205,-1.2148850293363536
5.215215215215215,-0.767552051174006
5.225225225225225,-1.0038811607931875
5.235235235235235,-0.7522816851945131
5.245245245245245,-1.0140114471732267
5.255255255255255,-1.2172079251776187
5.265265265265265,-1.176526087863706
5.275275275275275,-0.8361014346899837
5.285285285285285,-0.7883900068805982
5.295295295295295,-1.0157297143814343
5.305305305305305,-0.7015961265762374
5.315315315315315,-1.1559837628766447
5.325325325325325,-0.8311783099741805
5.335335335335335,-1.0543662306302284
5.345345345345345,-0.9366494743750631
5.355355355355355,-0.7908409916388968
5.365365365365365,-0.9663616803389725
5.375375375375375,-0.8650688111775692
5.385385385385385,-0.5806988625590311
5.395395395395395,-0.8910571686622808
5.405405405405405,-0.6021840201010943
5.415415415415415,-0.9888303755059439
5.425425425425425,-0.6504182899825186
5.435435435435435,-0.46147973364239314
5.445445445445445,-1.2374615611054534
5.455455455455455,-0.8957764539859937
5.465465465465465,-0.6141739326428326
5.475475475475475,-0.7633152861123595
5.485485485485485,-0.6415224702797544
5.495495495495495,-0.8295224004164484
5.505505505505505,-0.6843101097966618
5.515515515515515,-0.7255959158315359
5.525525525525525,-0.45366687331648736
5.535535535535535,-0.6290330744788514
5.545545545545545,-0.6050225408715565
5.555555555555555,-0.7474769082033159
5.565565565565565,-0.755114558670421
5.575575575575575,-0.7365308597995465
5.585585585585585,-0.5634895705621819
5.595595595595595,-0.7188733058726995
5.605605605605605,-0.5689542547642762
5.615615615615615,-0.20399906688111696
5.625625625625625,-0.4369622549840006
5.635635635635635,-0.6684386305347979
5.645645645645645,-0.35497742438363356
5.655655655655655,-0.668761927390202
5.665665665665665,-0.9866395719911529
5.675675675675675,-0.772441722349834
5.685685685685685,-0.9367354432775037
5.6956956956956954,-0.6245759848669488
5.7057057057057055,-0.5422303033209088
5.7157157157157155,-0.2022125075159411
5.7257257257257255,-0.4636466288215988
5.7357357357357355,-0.5643313342065646
5.7457457457457455,-0.3460570821324994
5.7557557557557555,-0.9455409341622414
5.7657657657657655,-0.44751620295032063
5.7757757757757755,-0.3317417554319907
5.7857857857857855,-0.7728590346009053
5.7957957957957955,-0.2395701586880802
5.8058058058058055,-0.39175394220533305
5.8158158158158155,-0.5335970258925026
5.8258258258258255,-0.31502414548862356
5.8358358358358355,0.021561223384628125
5.8458458458458455,-0.3871575826126144
5.8558558558558556,-0.364797764249907
5.865865865865866,-0.49718358244940997
5.875875875875876,-0.5661091854805289
5.885885885885886,-0.22086236427814848
5.895895895895896,-0.5488967386370334
5.905905905905906,-0.3540793285488425
5.915915915915916,-0.45459975514464956
5.925925925925926,-0.2539120119935788
5.935935935935936,-0.27358022688492734
5.945945945945946,-0.12337523074537321
5.955955955955956,-0.4234239167013782
5.965965965965966,-0.3659008351471272
5.975975975975976,-0.4981525476002371
5.985985985985986,-0.3817021125160837
5.995995995995996,-0.20779767519127823
6.006006006006006,-0.12224598149353397
6.016016016016016,-0.4484352817280093
6.026026026026026,-0.08041309206067626
6.036036036036036,0.026486720647928813
6.046046046046046,-0.15223593261748664
6.056056056056056,0.1501777262501473
6.066066066066066,-0.37017523602226465
6.076076076076076,-0.45456271209634047
6.086086086086086,-0.5515695922541966
6.096096096096096,0.11320917039955211
6.106106106106106,-0.0452820729830348
6.116116116116116,-0.17741000013449998
6.126126126126126,-0.10042053991097741
6.136136136136136,-0.3716176012316593
6.146146146146146,0.35253975875889987
6.156156156156156,-0.1008435578493178
6.166166166166166,-0.09487329835423845
6.176176176176176,0.03834830298723568
6.186186186186186,-0.0006452381565386495
6.196196196196196,-0.04210263833350267
6.206206206206206,-0.2349979876902224
6.216216216216216,0.02737462706324656
6.226226226226226,0.3194766124206201
6.236236236236236,0.22215218402999054
6.246246246246246,0.281706664343973
6.256256256256256,-0.12916893162061913
6.266266266266266,-0.2148391977862208
6.276276276276276,-0.03206635995660933
6.286286286286286,0.014245956594567902
6.296296296296296,0.23194891718858182
6.306306306306306,-0.31537398676744993
6.316316316316316,0.33903501224345123
6.326326326326326,0.011526058709284234
6.336336336336336,-0.0322502068568903
6.346346346346346,-0.1393018224093529
6.356356356356356,-0.25786556071561223
6.366366366366366,0.24771928630546974
6.376376376376376,0.10771983371688373
6.386386386386386,-0.1549741930882642
6.396396396396396,-0.14604634331907082
6.406406406406406,0.05575257599492335
6.416416416416417,0.4666416102025495
6.426426426426427,0.09083351393693236
6.436436436436437,-0.14797663100120959
6.446446446446447,0.11338822657348992
6.456456456456457,0.11786071910526875
6.466466466466467,-0.35712057680132336
6.476476476476477,0.18123083518682678
6.486486486486487,0.15571671185625346
6.496496496496497,0.3509384696340344
6.506506506506507,0.5912607824882021
6.516516516516517,0.4565327451049722
6.526526526526527,0.1871690086868715
6.536536536536537,0.02934442991710423
6.546546546546547,0.7749993222263385
6.556556556556557,0.2818227136281684
6.566566566566567,0.2823894987030586
6.576576576576577,0.2843752202588506
6.586586586586587,0.33838480948607846
6.596596596596597,0.2794334582202913
6.606606606606607,0.20307993045177178
6.616616616616617,0.21791549017726441
6.626626626626627,0.3301787769698837
6.636636636636637,0.23745288926566183
6.646646646646647,0.21294241661001947
6.656656656656657,0.3861357262678908
6.666666666666667,0.32315578708704895
6.676676676676677,0.6842138883768099
6.686686686686687,-0.1375530289357877
6.696696696696697,0.6201286027989512
6.706706706706707,0.6601903077124294
6.716716716716717,0.005400080228536552
6.726726726726727,0.3606033737883393
6.736736736736737,0.36387248561219054
6.746746746746747,0.1656341826116846
6.756756756756757,0.30050424394130065
6.766766766766767,0.2428377745434508
6.776776776776777,0.8242458064628706
6.786786786786787,0.6697186968731276
6.796796796796797,0.7456369831483238
6.806806806806807,0.6443540922658725
6.816816816816817,0.2828529388177776
6.826826826826827,0.41235188562008385
6.836836836836837,0.6236716681687517
6.846846846846847,0.2898593266389348
6.856856856856857,0.6853191718866599
6.866866866866867,0.5030346234539764
6.876876876876877,0.48446053891439494
6.886886886886887,0.709885637348745
6.896896896896897,0.6647583666903254
6.906906906906907,0.5118668264716338
6.916916916916917,0.8240218530458714
6.926926926926927,0.3839797258877548
6.936936936936937,0.7313558728755468
6.946946946946947,0.7347044249765753
6.956956956956957,0.5620285761125206
6.966966966966967,0.6969556407767921
6.976976976976977,0.3892341944936962
6.986986986986987,0.8319261138150889
6.996996996996997,0.6177392417399558
7.007007007007007,0.5577084214198618
7.017017017017017,0.8795218697881537
7.027027027027027,0.536251180022015
7.037037037037037,0.4027597053149696
7.047047047047047,0.3803895946202159
7.057057057057057,0.8201115748163688
7.067067067067067,0.44994783890466233
7.077077077077077,1.0640459264584137
7.087087087087087,0.30368313819840215
7.097097097097097,1.0662700726171312
7.107107107107107,0.7760192286978269
7.117117117117117,0.7212365212382563
7.127127127127127,0.638284528972538
7.137137137137137,0.8337098960391714
7.147147147147147,0.7528945208786513
7.157157157157157,0.9875444321391529
7.167167167167167,0.7961153384693578
7.177177177177177,0.8096384328102737
7.187187187187187,0.7130857965504733
7.197197197197197,0.7805705351602369
7.207207207207207,0.8595920806608512
7.217217217217217,0.46199015297803137
7.227227227227227,0.5402982889583892
7.237237237237237,0.9644185789641828
7.247247247247247,0.8556874952736403
7.257257257257257,0.7903840725628368
7.267267267267267,0.8364509755652344
7.277277277277277,0.907780536618128
7.287287287287287,0.7357282724547032
7.297297297297297,0.693350740102443
7.307307307307307,0.8934271423532176
7.317317317317317,0.6637443457588136
7.327327327327327,0.9461441490598266
7.337337337337337,0.5289649519095684
7.347347347347347,1.0802137534651377
7.357357357357357,0.9737154630552717
7.367367367367367,0.9351271590437297
7.377377377377377,1.08509608614691
7.387387387387387,1.2262004224031702
7.397397397397397,1.1004377019716183
7.407407407407407,0.5337570627587036
7.4174174174174174,0.6502943626413292
7.4274274274274275,0.7854330856811952
7.4374374374374375,0.9197108352230968
7.4474474474474475,1.0220286215647274
7.4574574574574575,0.7772602142416356
7.4674674674674675,0.9635820642843496
7.4774774774774775,0.7788790518147037
7.4874874874874875,0.8112858235271655
7.4974974974974975,0.6557973654404659
7.5075075075075075,0.7559292363906428
7.5175175175175175,0.673591020092936
7.5275275275275275,0.7520107651506075
7.5375375375375375,1.161076342126804
7.5475475475475475,0.7635355477397774
7.5575575575575575,1.482863549470248
7.5675675675675675,1.0579266981973572
7.5775775775775776,0.9990102066285637
7.587587587587588,0.7930548935308868
7.597597597597598,1.1073752280535774
7.607607607607608,0.8546755652597491
7.617617617617618,0.9965977980183018
7.627627627627628,1.4865080338235996
7.637637637637638,0.9574767938172714
7.647647647647648,1.208643222920337
7.657657657657658,0.8401549824504434
7.667667667667668,0.9756960045298168
7.677677677677678,1.3386587995278867
7.687687687687688,0.8608115843757911
7.697697697697698,1.3503022138535714
7.707707707707708,1.130871417383132
7.717717717717718,0.8782370737143442
7.727727727727728,1.1185221046477885
7.737737737737738,1.1877621727737249
7.747747747747748,1.1187244780576242
7.757757757757758,0.6813291098140895
7.767767767767768,0.8508584508588038
7.777777777777778,0.9475941638335739
7.787787787787788,0.9829233013700055
7.797797797797798,1.1225565229206715
7.807807807807808,1.0344743784583712
7.817817817817818,0.7322772887219222
7.827827827827828,1.0756975789079997
7.837837837837838,1.1219868408100522
7.847847847847848,1.111939277979064
7.857857857857858,1.2161486325645336
7.867867867867868,1.1666880187131685
7.877877877877878,1.0915505141955752
7.887887887887888,0.985392095748043
7.897897897897898,0.6668436491535701
7.907907907907908,1.0844699746452835
7.917917917917918,1.0394943094065305
7.927927927927928,1.0515829858347492
7.937937937937938,0.7411280240129018
7.947947947947948,0.7793771053415178
7.957957957957958,1.2052299009108385
7.967967967967968,0.985599557974499
7.977977977977978,1.1286224374937268
7.987987987987988,0.9966982523565588
7.997997997997998,0.9955987830077158
8.008008008008009,1.1758181321275643
8.018018018018019,0.8833672278732436
8.028028028028029,1.0041162770857555
8.038038038038039,0.8906543264749661
8.048048048048049,0.8943288942148427
8.058058058058059,0.917414151959516
8.068068068068069,1.0215976477496873
8.078078078078079,0.8792455738604581
8.088088088088089,1.2238732340720502
8.098098098098099,0.7914297930539833
8.108108108108109,0.9305089405309218
8.118118118118119,0.8773720921891264
8.128128128128129,1.2520521908191036
8.138138138138139,0.9992094216785952
8.148148148148149,1.1634130453863663
8.158158158158159,0.6569818386922627
8.168168168168169,1.0044581425820678
8.178178178178179,1.1258331301329236
8.188188188188189,0.961127670693182
8.198198198198199,1.1544361941661703
8.208208208208209,0.8344573536729035
8.218218218218219,1.216265477685571
8.228228228228229,1.3905629343507095
8.238238238238239,0.8545096535288603
8.248248248248249,0.8341780246717009
8.258258258258259,1.2100640756969858
8.268268268268269,1.2313181386387566
8.278278278278279,0.8067565103203427
8.288288288288289,0.8231246439616487
8.298298298298299,0.8465476800918883
8.308308308308309,0.6296666235833992
8.318318318318319,0.7103884255176265
8.328328328328329,0.68876316026251
8.338338338338339,0.7314151628179942
8.348348348348349,0.8733323865994278
8.358358358358359,0.9223187963038354
8.368368368368369,1.180694711868437
8.378378378378379,0.6659553355535761
8.388388388388389,1.0574354185169756
8.398398398398399,0.8126317363503115
8.408408408408409,0.8403096160610032
8.418418418418419,0.9798539194005558
8.428428428428429,0.6149486221035102
8.438438438438439,0.9104938643504645
8.448448448448449,0.8617376779073126
8.458458458458459,0.9212898002485774
8.468468468468469,0.8749031433373473
8.478478478478479,1.3023174397296313
8.488488488488489,0.6778161245312555
8.498498498498499,0.6931907429621529
8.508508508508509,0.6687079427958285
8.518518518518519,0.6761070465204214
8.528528528528529,0.653512589897485
8.538538538538539,1.0125026118058988
8.548548548548549,1.0524318209529893
8.558558558558559,0.6477363920244572
8.568568568568569,0.5888928750392111
8.578578578578579,0.8430497527563584
8.588588588588589,0.6316496584259702
8.598598598598599,0.861933899188736
8.608608608608609,0.7691117267346383
8.618618618618619,0.4184848884646842
8.62862862862863,1.024169033318998
8.63863863863864,1.0668061999112974
8.64864864864865,0.5779646952213435
8.65865865865866,0.6158036973849034
8.66866866866867,0.7432691908730422
8.67867867867868,0.745670827618866
8.68868868868869,0.803103667710581
8.6986986986987,1.0659837910836085
8.70870870870871,0.6210349812649966
8.71871871871872,0.48918074791404353
8.72872872872873,0.36532710783698996
8.73873873873874,0.48729145507999044
8.74874874874875,0.6190751040200104
8.75875875875876,0.9767724119703092
8.76876876876877,0.506437010806746
8.77877877877878,0.6467541746971769
8.78878878878879,0.5906889991753437
8.7987987987988,0.8235697112659844
8.80880880880881,1.0831363139678933
8.81881881881882,0.46337695620289193
8.82882882882883,0.46340663560131184
8.83883883883884,0.761814271426462
8.84884884884885,0.6809925573361295
8.85885885885886,0.9055333178995617
8.86886886886887,0.6445013570229341
8.87887887887888,0.4473282921735753
8.88888888888889,0.6287366446127447
8.8988988988989,0.7237142003190004
8.90890890890891,0.6573874286961048
8.91891891891892,0.5860138794393985
8.92892892892893,0.6891135393377956
8.93893893893894,0.7008095749504095
8.94894894894895,0.7345073223247255
8.95895895895896,0.57889666996923
8.96896896896897,0.40676523966269734
8.97897897897898,0.46052164960021663
8.98898898898899,0.6634275583069225
8.998998998999,0.24964318672422353
9.00900900900901,0.4776281531960108
9.01901901901902,0.31604842954447443
9.02902902902903,0.39124830683466183
9.03903903903904,0.631934238179549
9.04904904904905,0.40517050323889087
9.05905905905906,0.3669080549806447
9.06906906906907,0.07628373946103378
9.07907907907908,0.48810500820906455
9.08908908908909,0.45851650555979684
9.0990990990991,0.7526029806464265
9.10910910910911,0.24889669662606262
9.11911911911912,0.34475160962243523
9.12912912912913,0.34123732912744115
9.13913913913914,0.597261102458519
9.14914914914915,0.2530929609013335
9.15915915915916,0.31831072391448756
9.16916916916917,0.3744137690830383
9.17917917917918,0.2804590062722934
9.18918918918919,0.14412881101699465
9.1991991991992,0.262488496681515
9.20920920920921,0.4286294005845994
9.21921921921922,-0.001188889729736714
9.22922922922923,0.22089877239129224
9.23923923923924,0.04445187274300055
9.24924924924925,0.41363807528487095
9.25925925925926,-0.13987341539483675
9.26926926926927,0.043098302908625305
9.27927927927928,0.22042823501616032
9.28928928928929,0.448179325985017
9.2992992992993,0.11199959366396273
9.30930930930931,0.004172326352929259
9.31931931931932,0.48149468718886523
9.32932932932933,-0.19429901249685844
9.33933933933934,-0.3544264788383863
9.34934934934935,0.16335999690310793
9.35935935935936,-0.03503889431296825
9.36936936936937,-0.14886631943786485
9.37937937937938,0.18705427780812356
9.38938938938939,0.08414132811137282
9.3993993993994,-0.08743988895713131
9.40940940940941,-0.24069293335616132
9.41941941941942,0.17984998136186403
9.42942942942943,0.12538878370498469
9.43943943943944,-0.03449612616222205
9.44944944944945,0.3446584133032588
9.45945945945946,-0.2486914998522753
9.46946946946947,-0.34978166708178987
9.47947947947948,-0.1930558566082309
9.48948948948949,-0.07378357730842999
9.4994994994995,-0.025984136042140678
9.50950950950951,-0.13287740925433156
9.51951951951952,-0.024188810256169715
9.52952952952953,-0.3548679874148788
9.53953953953954,0.17424308208630657
9.54954954954955,-0.14087833673398226
9.55955955955956,0.08908527256802162
9.56956956956957,-0.07574115297610567
9.57957957957958,-0.06283344952083932
9.58958958958959,-0.050113059241635685
9.5995995995996,-0.0843907858442462
9.60960960960961,-0.055236500490823875
9.61961961961962,0.07221931370843052
9.62962962962963,-0.16411769849384278
9.63963963963964,-0.07141153826397492
9.64964964964965,-0.24092842222956692
9.65965965965966,0.05529550873234415
9.66966966966967,-0.377729726540616
9.67967967967968,0.10803778216903587
9.68968968968969,-0.26985566750108014
9.6996996996997,-0.5576266361227614
9.70970970970971,-0.25547106973362377
9.71971971971972,-0.4268944559644672
9.72972972972973,-0.13211846003206937
9.73973973973974,-0.4403049264452127
9.74974974974975,-0.40851873817965245
9.75975975975976,-0.7066601267874228
9.76976976976977,-0.42865023273759634
9.77977977977978,-0.8323679361497154
9.78978978978979,-0.673740908918119
9.7997997997998,-0.214209919154102
9.80980980980981,-0.21842862246760625
9.81981981981982,-0.29975531187385795
9.82982982982983,-0.5874616614443662
9.83983983983984,-0.4127888273893506
9.84984984984985,-0.41310678223282166
9.85985985985986,-0.6531576096234246
9.86986986986987,-0.1298611762636116
9.87987987987988,-0.2640814033730909
9.88988988988989,-0.49271567806414057
9.8998998998999,-0.45206971556091585
9.90990990990991,-0.424648525899529
9.91991991991992,-0.8835035397794256
9.92992992992993,-0.5333759107711054
9.93993993993994,-0.6290726614669739
9.94994994994995,-0.7016858255946847
9.95995995995996,-0.5662176577553197
9.96996996996997,-0.15904496788471117
9.97997997997998,-0.3989464134120215
9.98998998998999,-0.6498306793939038
10.0,-0.4295045546181381
